{
    "@schema": "https://raw.githubusercontent.com/slicer/slicer/master/Modules/Loadable/Markups/Resources/Schema/markups-schema-v1.0.3.json#",
    "markups": [
        {
            "type": "Fiducial",
            "coordinateSystem": "LPS",
            "coordinateUnits": "mm",
            "locked": false,
            "fixedNumberOfControlPoints": true,
            "labelFormat": "%N-%d",
            "lastUsedControlPointNumber": 22,
            "controlPoints": [
                {
                    "id": "1",
                    "label": "Caud2_001-1",
                    "description": "",
                    "associatedNodeID": "",
                    "position": [11.224442119297695, 5.506040480360669, 14.002892925172485],
                    "orientation": [-1.0, -0.0, -0.0, -0.0, -1.0, -0.0, 0.0, 0.0, 1.0],
                    "selected": true,
                    "locked": false,
                    "visibility": true,
                    "positionStatus": "defined"
                },
                {
                    "id": "2",
                    "label": "Caud2_001-2",
                    "description": "",
                    "associatedNodeID": "",
                    "position": [9.707348003203496, 4.561062616843173, 14.27036956529431],
                    "orientation": [-1.0, -0.0, -0.0, -0.0, -1.0, -0.0, 0.0, 0.0, 1.0],
                    "selected": true,
                    "locked": false,
                    "visibility": true,
                    "positionStatus": "defined"
                },
                {
                    "id": "3",
                    "label": "Caud2_001-3",
                    "description": "",
                    "associatedNodeID": "",
                    "position": [10.911347493992189, 5.7011995508626425, 14.760532541491461],
                    "orientation": [-1.0, -0.0, -0.0, -0.0, -1.0, -0.0, 0.0, 0.0, 1.0],
                    "selected": true,
                    "locked": false,
                    "visibility": true,
                    "positionStatus": "defined"
                },
                {
                    "id": "4",
                    "label": "Caud2_001-4",
                    "description": "",
                    "associatedNodeID": "",
                    "position": [9.938937692476653, 5.096878141220487, 15.006463944721844],
                    "orientation": [-1.0, -0.0, -0.0, -0.0, -1.0, -0.0, 0.0, 0.0, 1.0],
                    "selected": true,
                    "locked": false,
                    "visibility": true,
                    "positionStatus": "defined"
                },
                {
                    "id": "5",
                    "label": "Caud2_001-5",
                    "description": "",
                    "associatedNodeID": "",
                    "position": [11.115489797670806, 5.978400169366057, 15.484694149252157],
                    "orientation": [-1.0, -0.0, -0.0, -0.0, -1.0, -0.0, 0.0, 0.0, 1.0],
                    "selected": true,
                    "locked": false,
                    "visibility": true,
                    "positionStatus": "defined"
                },
                {
                    "id": "6",
                    "label": "Caud2_001-6",
                    "description": "",
                    "associatedNodeID": "",
                    "position": [9.807544758047957, 5.145686864752919, 15.832454248163835],
                    "orientation": [-1.0, -0.0, -0.0, -0.0, -1.0, -0.0, 0.0, 0.0, 1.0],
                    "selected": true,
                    "locked": false,
                    "visibility": true,
                    "positionStatus": "defined"
                },
                {
                    "id": "7",
                    "label": "Caud2_001-7",
                    "description": "",
                    "associatedNodeID": "",
                    "position": [11.258372718630731, 6.134889927453011, 16.353146872474333],
                    "orientation": [-1.0, -0.0, -0.0, -0.0, -1.0, -0.0, 0.0, 0.0, 1.0],
                    "selected": true,
                    "locked": false,
                    "visibility": true,
                    "positionStatus": "defined"
                },
                {
                    "id": "8",
                    "label": "Caud2_001-8",
                    "description": "",
                    "associatedNodeID": "",
                    "position": [9.865959201007508, 5.226739083148083, 16.65675087272274],
                    "orientation": [-1.0, -0.0, -0.0, -0.0, -1.0, -0.0, 0.0, 0.0, 1.0],
                    "selected": true,
                    "locked": false,
                    "visibility": true,
                    "positionStatus": "defined"
                },
                {
                    "id": "9",
                    "label": "Caud2_001-9",
                    "description": "",
                    "associatedNodeID": "",
                    "position": [11.374929769899083, 4.314327741506614, 16.197520726803518],
                    "orientation": [-1.0, -0.0, -0.0, -0.0, -1.0, -0.0, 0.0, 0.0, 1.0],
                    "selected": true,
                    "locked": false,
                    "visibility": true,
                    "positionStatus": "defined"
                },
                {
                    "id": "10",
                    "label": "Caud2_001-10",
                    "description": "",
                    "associatedNodeID": "",
                    "position": [11.366737330642591, 3.9677921046117968, 15.276020998600401],
                    "orientation": [-1.0, -0.0, -0.0, -0.0, -1.0, -0.0, 0.0, 0.0, 1.0],
                    "selected": true,
                    "locked": false,
                    "visibility": true,
                    "positionStatus": "defined"
                },
                {
                    "id": "11",
                    "label": "Caud2_001-11",
                    "description": "",
                    "associatedNodeID": "",
                    "position": [10.544006623617651, 4.878785923031394, 14.255339959743324],
                    "orientation": [-1.0, -0.0, -0.0, -0.0, -1.0, -0.0, 0.0, 0.0, 1.0],
                    "selected": true,
                    "locked": false,
                    "visibility": true,
                    "positionStatus": "defined"
                },
                {
                    "id": "12",
                    "label": "Caud2_001-12",
                    "description": "",
                    "associatedNodeID": "",
                    "position": [10.192121267655693, 5.628297135198341, 14.551646669720519],
                    "orientation": [-1.0, -0.0, -0.0, -0.0, -1.0, -0.0, 0.0, 0.0, 1.0],
                    "selected": true,
                    "locked": false,
                    "visibility": true,
                    "positionStatus": "defined"
                },
                {
                    "id": "13",
                    "label": "Caud2_001-13",
                    "description": "",
                    "associatedNodeID": "",
                    "position": [9.889589583638983, 6.135417074094154, 14.417417924630207],
                    "orientation": [-1.0, -0.0, -0.0, -0.0, -1.0, -0.0, 0.0, 0.0, 1.0],
                    "selected": true,
                    "locked": false,
                    "visibility": true,
                    "positionStatus": "defined"
                },
                {
                    "id": "14",
                    "label": "Caud2_001-14",
                    "description": "",
                    "associatedNodeID": "",
                    "position": [9.821738651647491, 6.6694828397548305, 15.979585025192591],
                    "orientation": [-1.0, -0.0, -0.0, -0.0, -1.0, -0.0, 0.0, 0.0, 1.0],
                    "selected": true,
                    "locked": false,
                    "visibility": true,
                    "positionStatus": "defined"
                },
                {
                    "id": "15",
                    "label": "Caud2_001-15",
                    "description": "",
                    "associatedNodeID": "",
                    "position": [10.187827419655001, 6.063368968269153, 15.808561632823782],
                    "orientation": [-1.0, -0.0, -0.0, -0.0, -1.0, -0.0, 0.0, 0.0, 1.0],
                    "selected": true,
                    "locked": false,
                    "visibility": true,
                    "positionStatus": "defined"
                },
                {
                    "id": "16",
                    "label": "Caud2_001-16",
                    "description": "",
                    "associatedNodeID": "",
                    "position": [8.745963492421076, 5.348395898281506, 15.950819661979931],
                    "orientation": [-1.0, -0.0, -0.0, -0.0, -1.0, -0.0, 0.0, 0.0, 1.0],
                    "selected": true,
                    "locked": false,
                    "visibility": true,
                    "positionStatus": "defined"
                },
                {
                    "id": "17",
                    "label": "Caud2_001-17",
                    "description": "",
                    "associatedNodeID": "",
                    "position": [11.404153750795603, 6.824509711336574, 15.42004902226535],
                    "orientation": [-1.0, -0.0, -0.0, -0.0, -1.0, -0.0, 0.0, 0.0, 1.0],
                    "selected": true,
                    "locked": false,
                    "visibility": true,
                    "positionStatus": "defined"
                },
                {
                    "id": "18",
                    "label": "Caud2_001-18",
                    "description": "",
                    "associatedNodeID": "",
                    "position": [8.504704740397688, 5.910259541226563, 15.760617409490617],
                    "orientation": [-1.0, -0.0, -0.0, -0.0, -1.0, -0.0, 0.0, 0.0, 1.0],
                    "selected": true,
                    "locked": false,
                    "visibility": true,
                    "positionStatus": "defined"
                },
                {
                    "id": "19",
                    "label": "Caud2_001-19",
                    "description": "",
                    "associatedNodeID": "",
                    "position": [11.190099784601312, 7.404004581782325, 15.395639139902254],
                    "orientation": [-1.0, -0.0, -0.0, -0.0, -1.0, -0.0, 0.0, 0.0, 1.0],
                    "selected": true,
                    "locked": false,
                    "visibility": true,
                    "positionStatus": "defined"
                },
                {
                    "id": "20",
                    "label": "Caud2_001-20",
                    "description": "",
                    "associatedNodeID": "",
                    "position": [9.563669701103024, 7.129690880845094, 16.421694598819712],
                    "orientation": [-1.0, -0.0, -0.0, -0.0, -1.0, -0.0, 0.0, 0.0, 1.0],
                    "selected": true,
                    "locked": false,
                    "visibility": true,
                    "positionStatus": "defined"
                },
                {
                    "id": "21",
                    "label": "Caud2_001-21",
                    "description": "",
                    "associatedNodeID": "",
                    "position": [9.949884568717472, 7.422101496293114, 16.49920035309518],
                    "orientation": [-1.0, -0.0, -0.0, -0.0, -1.0, -0.0, 0.0, 0.0, 1.0],
                    "selected": true,
                    "locked": false,
                    "visibility": true,
                    "positionStatus": "defined"
                },
                {
                    "id": "22",
                    "label": "Caud2_001-22",
                    "description": "",
                    "associatedNodeID": "",
                    "position": [9.073665123104423, 6.847438461503466, 16.485887589548625],
                    "orientation": [-1.0, -0.0, -0.0, -0.0, -1.0, -0.0, 0.0, 0.0, 1.0],
                    "selected": true,
                    "locked": false,
                    "visibility": true,
                    "positionStatus": "defined"
                }
            ],
            "measurements": [],
            "display": {
                "visibility": false,
                "opacity": 1.0,
                "color": [0.4, 1.0, 1.0],
                "selectedColor": [1.0, 0.5000076295109483, 0.5000076295109483],
                "activeColor": [0.4, 1.0, 0.0],
                "propertiesLabelVisibility": false,
                "pointLabelsVisibility": true,
                "textScale": 3.0,
                "glyphType": "Sphere3D",
                "glyphScale": 3.0,
                "glyphSize": 5.0,
                "useGlyphScale": true,
                "sliceProjection": false,
                "sliceProjectionUseFiducialColor": true,
                "sliceProjectionOutlinedBehindSlicePlane": false,
                "sliceProjectionColor": [1.0, 1.0, 1.0],
                "sliceProjectionOpacity": 0.6,
                "lineThickness": 0.2,
                "lineColorFadingStart": 1.0,
                "lineColorFadingEnd": 10.0,
                "lineColorFadingSaturation": 1.0,
                "lineColorFadingHueOffset": 0.0,
                "handlesInteractive": false,
                "translationHandleVisibility": true,
                "rotationHandleVisibility": true,
                "scaleHandleVisibility": false,
                "interactionHandleScale": 3.0,
                "snapMode": "toVisibleSurface"
            }
        }
    ]
}