{
    "@schema": "https://raw.githubusercontent.com/slicer/slicer/master/Modules/Loadable/Markups/Resources/Schema/markups-schema-v1.0.3.json#",
    "markups": [
        {
            "type": "Fiducial",
            "coordinateSystem": "LPS",
            "coordinateUnits": "mm",
            "locked": false,
            "fixedNumberOfControlPoints": true,
            "labelFormat": "%N-%d",
            "lastUsedControlPointNumber": 22,
            "controlPoints": [
                {
                    "id": "1",
                    "label": "Caud3_001-1",
                    "description": "",
                    "associatedNodeID": "",
                    "position": [11.080005890873187, 5.965097249897286, 15.907808207112227],
                    "orientation": [-1.0, -0.0, -0.0, -0.0, -1.0, -0.0, 0.0, 0.0, 1.0],
                    "selected": true,
                    "locked": false,
                    "visibility": true,
                    "positionStatus": "defined"
                },
                {
                    "id": "2",
                    "label": "Caud3_001-2",
                    "description": "",
                    "associatedNodeID": "",
                    "position": [9.80257323747773, 5.249595363560114, 16.163822175442],
                    "orientation": [-1.0, -0.0, -0.0, -0.0, -1.0, -0.0, 0.0, 0.0, 1.0],
                    "selected": true,
                    "locked": false,
                    "visibility": true,
                    "positionStatus": "defined"
                },
                {
                    "id": "3",
                    "label": "Caud3_001-3",
                    "description": "",
                    "associatedNodeID": "",
                    "position": [10.957477016857478, 6.044912956322197, 16.680940064773317],
                    "orientation": [-1.0, -0.0, -0.0, -0.0, -1.0, -0.0, 0.0, 0.0, 1.0],
                    "selected": true,
                    "locked": false,
                    "visibility": true,
                    "positionStatus": "defined"
                },
                {
                    "id": "4",
                    "label": "Caud3_001-4",
                    "description": "",
                    "associatedNodeID": "",
                    "position": [9.985140380161189, 5.5660294263440715, 16.858219847018894],
                    "orientation": [-1.0, -0.0, -0.0, -0.0, -1.0, -0.0, 0.0, 0.0, 1.0],
                    "selected": true,
                    "locked": false,
                    "visibility": true,
                    "positionStatus": "defined"
                },
                {
                    "id": "5",
                    "label": "Caud3_001-5",
                    "description": "",
                    "associatedNodeID": "",
                    "position": [11.039402461669358, 6.3201838090021045, 17.453598599722778],
                    "orientation": [-1.0, -0.0, -0.0, -0.0, -1.0, -0.0, 0.0, 0.0, 1.0],
                    "selected": true,
                    "locked": false,
                    "visibility": true,
                    "positionStatus": "defined"
                },
                {
                    "id": "6",
                    "label": "Caud3_001-6",
                    "description": "",
                    "associatedNodeID": "",
                    "position": [9.958532257114705, 5.681173227811789, 17.665648093214834],
                    "orientation": [-1.0, -0.0, -0.0, -0.0, -1.0, -0.0, 0.0, 0.0, 1.0],
                    "selected": true,
                    "locked": false,
                    "visibility": true,
                    "positionStatus": "defined"
                },
                {
                    "id": "7",
                    "label": "Caud3_001-7",
                    "description": "",
                    "associatedNodeID": "",
                    "position": [11.18348245297159, 6.42628407406744, 18.336252138428733],
                    "orientation": [-1.0, -0.0, -0.0, -0.0, -1.0, -0.0, 0.0, 0.0, 1.0],
                    "selected": true,
                    "locked": false,
                    "visibility": true,
                    "positionStatus": "defined"
                },
                {
                    "id": "8",
                    "label": "Caud3_001-8",
                    "description": "",
                    "associatedNodeID": "",
                    "position": [10.021145620843185, 5.714965623392731, 18.533358535099758],
                    "orientation": [-1.0, -0.0, -0.0, -0.0, -1.0, -0.0, 0.0, 0.0, 1.0],
                    "selected": true,
                    "locked": false,
                    "visibility": true,
                    "positionStatus": "defined"
                },
                {
                    "id": "9",
                    "label": "Caud3_001-9",
                    "description": "",
                    "associatedNodeID": "",
                    "position": [11.560467877690753, 4.645535001918841, 18.122594289803907],
                    "orientation": [-1.0, -0.0, -0.0, -0.0, -1.0, -0.0, 0.0, 0.0, 1.0],
                    "selected": true,
                    "locked": false,
                    "visibility": true,
                    "positionStatus": "defined"
                },
                {
                    "id": "10",
                    "label": "Caud3_001-10",
                    "description": "",
                    "associatedNodeID": "",
                    "position": [11.542312212122766, 4.274095877163772, 17.21857928772593],
                    "orientation": [-1.0, -0.0, -0.0, -0.0, -1.0, -0.0, 0.0, 0.0, 1.0],
                    "selected": true,
                    "locked": false,
                    "visibility": true,
                    "positionStatus": "defined"
                },
                {
                    "id": "11",
                    "label": "Caud3_001-11",
                    "description": "",
                    "associatedNodeID": "",
                    "position": [10.540949019396272, 5.504119394237538, 16.20610417602539],
                    "orientation": [-1.0, -0.0, -0.0, -0.0, -1.0, -0.0, 0.0, 0.0, 1.0],
                    "selected": true,
                    "locked": false,
                    "visibility": true,
                    "positionStatus": "defined"
                },
                {
                    "id": "12",
                    "label": "Caud3_001-12",
                    "description": "",
                    "associatedNodeID": "",
                    "position": [10.21572878740914, 6.140593424848502, 16.515443966805968],
                    "orientation": [-1.0, -0.0, -0.0, -0.0, -1.0, -0.0, 0.0, 0.0, 1.0],
                    "selected": true,
                    "locked": false,
                    "visibility": true,
                    "positionStatus": "defined"
                },
                {
                    "id": "13",
                    "label": "Caud3_001-13",
                    "description": "",
                    "associatedNodeID": "",
                    "position": [9.91267595276036, 6.734655870223493, 16.59339844590961],
                    "orientation": [-1.0, -0.0, -0.0, -0.0, -1.0, -0.0, 0.0, 0.0, 1.0],
                    "selected": true,
                    "locked": false,
                    "visibility": true,
                    "positionStatus": "defined"
                },
                {
                    "id": "14",
                    "label": "Caud3_001-14",
                    "description": "",
                    "associatedNodeID": "",
                    "position": [9.872478892246301, 7.086589651275346, 17.839755243668264],
                    "orientation": [-1.0, -0.0, -0.0, -0.0, -1.0, -0.0, 0.0, 0.0, 1.0],
                    "selected": true,
                    "locked": false,
                    "visibility": true,
                    "positionStatus": "defined"
                },
                {
                    "id": "15",
                    "label": "Caud3_001-15",
                    "description": "",
                    "associatedNodeID": "",
                    "position": [10.242779259223582, 6.51100274859458, 17.957426950870147],
                    "orientation": [-1.0, -0.0, -0.0, -0.0, -1.0, -0.0, 0.0, 0.0, 1.0],
                    "selected": true,
                    "locked": false,
                    "visibility": true,
                    "positionStatus": "defined"
                },
                {
                    "id": "16",
                    "label": "Caud3_001-16",
                    "description": "",
                    "associatedNodeID": "",
                    "position": [9.123382945042882, 5.765935212107851, 17.845462717450953],
                    "orientation": [-1.0, -0.0, -0.0, -0.0, -1.0, -0.0, 0.0, 0.0, 1.0],
                    "selected": true,
                    "locked": false,
                    "visibility": true,
                    "positionStatus": "defined"
                },
                {
                    "id": "17",
                    "label": "Caud3_001-17",
                    "description": "",
                    "associatedNodeID": "",
                    "position": [11.47756181750186, 7.103371988402289, 17.3860859562726],
                    "orientation": [-1.0, -0.0, -0.0, -0.0, -1.0, -0.0, 0.0, 0.0, 1.0],
                    "selected": true,
                    "locked": false,
                    "visibility": true,
                    "positionStatus": "defined"
                },
                {
                    "id": "18",
                    "label": "Caud3_001-18",
                    "description": "",
                    "associatedNodeID": "",
                    "position": [8.648117398356144, 6.5524100513610195, 17.828386524378896],
                    "orientation": [-1.0, -0.0, -0.0, -0.0, -1.0, -0.0, 0.0, 0.0, 1.0],
                    "selected": true,
                    "locked": false,
                    "visibility": true,
                    "positionStatus": "defined"
                },
                {
                    "id": "19",
                    "label": "Caud3_001-19",
                    "description": "",
                    "associatedNodeID": "",
                    "position": [10.873256229898228, 7.835602650023596, 17.473898968353097],
                    "orientation": [-1.0, -0.0, -0.0, -0.0, -1.0, -0.0, 0.0, 0.0, 1.0],
                    "selected": true,
                    "locked": false,
                    "visibility": true,
                    "positionStatus": "defined"
                },
                {
                    "id": "20",
                    "label": "Caud3_001-20",
                    "description": "",
                    "associatedNodeID": "",
                    "position": [9.653890318859439, 7.196437173393879, 16.930048773896033],
                    "orientation": [-1.0, -0.0, -0.0, -0.0, -1.0, -0.0, 0.0, 0.0, 1.0],
                    "selected": true,
                    "locked": false,
                    "visibility": true,
                    "positionStatus": "defined"
                },
                {
                    "id": "21",
                    "label": "Caud3_001-21",
                    "description": "",
                    "associatedNodeID": "",
                    "position": [9.72871321883116, 8.304021914663704, 18.3723433528412],
                    "orientation": [-1.0, -0.0, -0.0, -0.0, -1.0, -0.0, 0.0, 0.0, 1.0],
                    "selected": true,
                    "locked": false,
                    "visibility": true,
                    "positionStatus": "defined"
                },
                {
                    "id": "22",
                    "label": "Caud3_001-22",
                    "description": "",
                    "associatedNodeID": "",
                    "position": [9.119531893378738, 7.909930016923745, 18.434658104435965],
                    "orientation": [-1.0, -0.0, -0.0, -0.0, -1.0, -0.0, 0.0, 0.0, 1.0],
                    "selected": true,
                    "locked": false,
                    "visibility": true,
                    "positionStatus": "defined"
                }
            ],
            "measurements": [],
            "display": {
                "visibility": true,
                "opacity": 1.0,
                "color": [0.4, 1.0, 1.0],
                "selectedColor": [1.0, 0.5000076295109483, 0.5000076295109483],
                "activeColor": [0.4, 1.0, 0.0],
                "propertiesLabelVisibility": false,
                "pointLabelsVisibility": true,
                "textScale": 3.0,
                "glyphType": "Sphere3D",
                "glyphScale": 3.0,
                "glyphSize": 5.0,
                "useGlyphScale": true,
                "sliceProjection": false,
                "sliceProjectionUseFiducialColor": true,
                "sliceProjectionOutlinedBehindSlicePlane": false,
                "sliceProjectionColor": [1.0, 1.0, 1.0],
                "sliceProjectionOpacity": 0.6,
                "lineThickness": 0.2,
                "lineColorFadingStart": 1.0,
                "lineColorFadingEnd": 10.0,
                "lineColorFadingSaturation": 1.0,
                "lineColorFadingHueOffset": 0.0,
                "handlesInteractive": false,
                "translationHandleVisibility": true,
                "rotationHandleVisibility": true,
                "scaleHandleVisibility": false,
                "interactionHandleScale": 3.0,
                "snapMode": "toVisibleSurface"
            }
        }
    ]
}